{
  "project_info": {
    "project_number": "830382879780",
    "firebase_url": "https://selectcollege-bf826.firebaseio.com",
    "project_id": "selectcollege-bf826",
    "storage_bucket": "selectcollege-bf826.appspot.com"
  },
  "client": [
    {
      "client_info": {
        "mobilesdk_app_id": "1:830382879780:android:7cd7b6f9fa8233ac5b54b1",
        "android_client_info": {
          "package_name": "com.example.selectcollege"
        }
      },
      "oauth_client": [
        {
          "client_id": "830382879780-bltkgehgourf7ss3q6ukntur160jsho7.apps.googleusercontent.com",
          "client_type": 1,
          "android_info": {
            "package_name": "com.example.selectcollege",
            "certificate_hash": "b4d5da0b27925d48517ede46ae6de384699eeaf8"
          }
        },
        {
          "client_id": "830382879780-mfo2d3b0hjimmn6c0aop7a1bq6qt88ae.apps.googleusercontent.com",
          "client_type": 3
        }
      ],
      "api_key": [
        {
          "current_key": "AIzaSyB-0gvY-ty5NfI0J14cV2SuT8a8XihV0P0"
        }
      ],
      "services": {
        "appinvite_service": {
          "other_platform_oauth_client": [
            {
              "client_id": "830382879780-mfo2d3b0hjimmn6c0aop7a1bq6qt88ae.apps.googleusercontent.com",
              "client_type": 3
            }
          ]
        }
      }
    }
  ],
  "configuration_version": "1"
}